sample_name	sample_name_water	description	control_status	sample_pairing	sample_pairs	esp_storage_carousel	sample_station	auv_latitude_deg	auv_longitude_deg	archive_bottom	puck_no_7-0xxx	sample_type	collection_date	modis_cyanoindex	modis_cyanoindex_date	collection_modis_same_date	site	region	time_started_filtering	filtration_duration_hhmmss	auv_avg_sample_depth_m	auv_range_sample_depth_m	large_depth_range	auv_sample_volume	auv_chlorophyll_mean_ug_per_l	auv_oxygen_mean_ug_per_l	auv_par_mean_umol_s_m2	auv_temp_mean_degc	time_of_day	qpcr_16s_total_cyano_cpr	total_cyanobacteria_qpcr_gc_per_ml	qpcr_toxin_mcye_cpr	mcye_qpcr_gc_per_ml	sample_potency	deployment_notes	sample_number_16s	sample_number_18s	sample_number_shotgun	filter_size	concentration_ng_per_ul	volume_ul	project_name	experiment_design_description	target_gene	target_subfragment	pcr_primers	pcr_primer_names	seq_meth	seq_platform	seq_model	seq_chemistry	run_center	run_date
SC05.22	SC05	Lake Erie sample	Lake Erie sample	"paired with SC07, SC06"	15	SC05	Field 53-spare	41.70343145	-83.07077697	158	81	Archive 5.0um/0.2um	9/2/18	Absent	9/2/18	Yes	WE13-WE16-E	Open Water	52:01.7	0:03:07	2.55093657	1.085917508	No	53.7	3.887248923	8395.101049	3.180528863	25.09322954	Late	11378.56846	21071.42307	110.4816544	40.91913126	0.001941925		134794	136571	134883	0.22um	2.3	88	"Lake Erie operations with the 3G-ESP attached to a LR-AUV, August/September 2018"	Samples were collected using a MBARI 3G-ESP attached to a LR-AUV. Extracted with Qiagen DNEasy Blood and Tissue kit. Amplified with NEXTFLEX 16S V4 Amplicon-Seq Kit 2.0 (customized to include Parada/Apprill modifications); full-length primers were: FWD:GACGCTCTTCCGATCTTATGGTAATTGTGTGYCAGCMGCCGCGGTAA; REV:TGTGCTCTTCCGATCTAGTCAGTCAGCCGGACTACNVGGGTWTCTAAT. Sequenced with Illumina MiSeq 2x300bp (600 cycles) v3 chemistry.	16S rRNA	V4	FWD:GTGYCAGCMGCCGCGGTAA; REV:GGACTACNVGGGTWTCTAAT	FWD:EMP-16S-515F-Parada; REV:EMP-16S-806R-Apprill	Illumina MiSeq 2x300bp (600 cycles) v3 chemistry	Illumina	MiSeq	2x300bp (600 cycles) v3 chemistry	University of Michigan Advanced Genomics Core	"September, 2019"
SC05.50	SC05	Lake Erie sample	Lake Erie sample	"paired with SC07, SC06"	15	SC05	Field 53-spare	41.70343145	-83.07077697	158	81	Archive 5.0um/0.2um	9/2/18	Absent	9/2/18	Yes	WE13-WE16-E	Open Water	52:01.7	0:03:07	2.55093657	1.085917508	No	53.7	3.887248923	8395.101049	3.180528863	25.09322954	Late	11378.56846	21071.42307	110.4816544	40.91913126	0.001941925		134793	136570	134882	5.0um	5.1	76	"Lake Erie operations with the 3G-ESP attached to a LR-AUV, August/September 2018"	Samples were collected using a MBARI 3G-ESP attached to a LR-AUV. Extracted with Qiagen DNEasy Blood and Tissue kit. Amplified with NEXTFLEX 16S V4 Amplicon-Seq Kit 2.0 (customized to include Parada/Apprill modifications); full-length primers were: FWD:GACGCTCTTCCGATCTTATGGTAATTGTGTGYCAGCMGCCGCGGTAA; REV:TGTGCTCTTCCGATCTAGTCAGTCAGCCGGACTACNVGGGTWTCTAAT. Sequenced with Illumina MiSeq 2x300bp (600 cycles) v3 chemistry.	16S rRNA	V4	FWD:GTGYCAGCMGCCGCGGTAA; REV:GGACTACNVGGGTWTCTAAT	FWD:EMP-16S-515F-Parada; REV:EMP-16S-806R-Apprill	Illumina MiSeq 2x300bp (600 cycles) v3 chemistry	Illumina	MiSeq	2x300bp (600 cycles) v3 chemistry	University of Michigan Advanced Genomics Core	"September, 2019"
SC06.22	SC06	Lake Erie sample	Lake Erie sample	"paired with SC07, SC05"	15	SC06	Field 52-spare	41.70343039	-83.07077521	270	49	Archive 5.0um/0.2um	9/2/18	Absent	9/2/18	Yes	WE13-WE16-E	Open Water	24:49.0	0:01:07	2.454157064	0.727492552	No	16.6	3.907374312	8274.516122	6.17044298	25.01638643	Late	44239.4186	52046.37482	17.38216021	20.44960024	0.000392911		134792	136569	134881	0.22um	0	87	"Lake Erie operations with the 3G-ESP attached to a LR-AUV, August/September 2018"	Samples were collected using a MBARI 3G-ESP attached to a LR-AUV. Extracted with Qiagen DNEasy Blood and Tissue kit. Amplified with NEXTFLEX 16S V4 Amplicon-Seq Kit 2.0 (customized to include Parada/Apprill modifications); full-length primers were: FWD:GACGCTCTTCCGATCTTATGGTAATTGTGTGYCAGCMGCCGCGGTAA; REV:TGTGCTCTTCCGATCTAGTCAGTCAGCCGGACTACNVGGGTWTCTAAT. Sequenced with Illumina MiSeq 2x300bp (600 cycles) v3 chemistry.	16S rRNA	V4	FWD:GTGYCAGCMGCCGCGGTAA; REV:GGACTACNVGGGTWTCTAAT	FWD:EMP-16S-515F-Parada; REV:EMP-16S-806R-Apprill	Illumina MiSeq 2x300bp (600 cycles) v3 chemistry	Illumina	MiSeq	2x300bp (600 cycles) v3 chemistry	University of Michigan Advanced Genomics Core	"September, 2019"
SC06.50	SC06	Lake Erie sample	Lake Erie sample	"paired with SC07, SC05"	15	SC06	Field 52-spare	41.70343039	-83.07077521	270	49	Archive 5.0um/0.2um	9/2/18	Absent	9/2/18	Yes	WE13-WE16-E	Open Water	24:49.0	0:01:07	2.454157064	0.727492552	No	16.6	3.907374312	8274.516122	6.17044298	25.01638643	Late	44239.4186	52046.37482	17.38216021	20.44960024	0.000392911		134791	136568	134880	5.0um	1.5	69	"Lake Erie operations with the 3G-ESP attached to a LR-AUV, August/September 2018"	Samples were collected using a MBARI 3G-ESP attached to a LR-AUV. Extracted with Qiagen DNEasy Blood and Tissue kit. Amplified with NEXTFLEX 16S V4 Amplicon-Seq Kit 2.0 (customized to include Parada/Apprill modifications); full-length primers were: FWD:GACGCTCTTCCGATCTTATGGTAATTGTGTGYCAGCMGCCGCGGTAA; REV:TGTGCTCTTCCGATCTAGTCAGTCAGCCGGACTACNVGGGTWTCTAAT. Sequenced with Illumina MiSeq 2x300bp (600 cycles) v3 chemistry.	16S rRNA	V4	FWD:GTGYCAGCMGCCGCGGTAA; REV:GGACTACNVGGGTWTCTAAT	FWD:EMP-16S-515F-Parada; REV:EMP-16S-806R-Apprill	Illumina MiSeq 2x300bp (600 cycles) v3 chemistry	Illumina	MiSeq	2x300bp (600 cycles) v3 chemistry	University of Michigan Advanced Genomics Core	"September, 2019"
SC07.22	SC07	Lake Erie sample	Lake Erie sample	"paired with SC06, SC05"	15	SC07	Field 51-spare	41.70342935	-83.07077346	68	353	Archive 5.0um/0.2um	9/2/18	Absent	9/2/18	Yes	WE13-WE16-E	Open Water	55:53.2	0:02:56	2.489507637	0.887408265	No	48.3	3.889188167	8605.617765	9.142616636	25.16180695	Late	41692.38047	86859.12597	255.6528348	106.5220145	0.001226377		134790	136567	134879	0.22um	1	87	"Lake Erie operations with the 3G-ESP attached to a LR-AUV, August/September 2018"	Samples were collected using a MBARI 3G-ESP attached to a LR-AUV. Extracted with Qiagen DNEasy Blood and Tissue kit. Amplified with NEXTFLEX 16S V4 Amplicon-Seq Kit 2.0 (customized to include Parada/Apprill modifications); full-length primers were: FWD:GACGCTCTTCCGATCTTATGGTAATTGTGTGYCAGCMGCCGCGGTAA; REV:TGTGCTCTTCCGATCTAGTCAGTCAGCCGGACTACNVGGGTWTCTAAT. Sequenced with Illumina MiSeq 2x300bp (600 cycles) v3 chemistry.	16S rRNA	V4	FWD:GTGYCAGCMGCCGCGGTAA; REV:GGACTACNVGGGTWTCTAAT	FWD:EMP-16S-515F-Parada; REV:EMP-16S-806R-Apprill	Illumina MiSeq 2x300bp (600 cycles) v3 chemistry	Illumina	MiSeq	2x300bp (600 cycles) v3 chemistry	University of Michigan Advanced Genomics Core	"September, 2019"
SC07.50	SC07	Lake Erie sample	Lake Erie sample	"paired with SC06, SC05"	15	SC07	Field 51-spare	41.70342935	-83.07077346	68	353	Archive 5.0um/0.2um	9/2/18	Absent	9/2/18	Yes	WE13-WE16-E	Open Water	55:53.2	0:02:56	2.489507637	0.887408265	No	48.3	3.889188167	8605.617765	9.142616636	25.16180695	Late	41692.38047	86859.12597	255.6528348	106.5220145	0.001226377		134789	136566	134878	5.0um	3.9	72	"Lake Erie operations with the 3G-ESP attached to a LR-AUV, August/September 2018"	Samples were collected using a MBARI 3G-ESP attached to a LR-AUV. Extracted with Qiagen DNEasy Blood and Tissue kit. Amplified with NEXTFLEX 16S V4 Amplicon-Seq Kit 2.0 (customized to include Parada/Apprill modifications); full-length primers were: FWD:GACGCTCTTCCGATCTTATGGTAATTGTGTGYCAGCMGCCGCGGTAA; REV:TGTGCTCTTCCGATCTAGTCAGTCAGCCGGACTACNVGGGTWTCTAAT. Sequenced with Illumina MiSeq 2x300bp (600 cycles) v3 chemistry.	16S rRNA	V4	FWD:GTGYCAGCMGCCGCGGTAA; REV:GGACTACNVGGGTWTCTAAT	FWD:EMP-16S-515F-Parada; REV:EMP-16S-806R-Apprill	Illumina MiSeq 2x300bp (600 cycles) v3 chemistry	Illumina	MiSeq	2x300bp (600 cycles) v3 chemistry	University of Michigan Advanced Genomics Core	"September, 2019"
SC11.22	SC11	Lake Erie sample	Lake Erie sample	"paired with SC13, SC12"	13	SC11	Field 46	41.78626397	-83.15827913	40	245	Archive 5.0um/0.2um	9/1/18	Absent	9/2/18	No	WE4-WE13	Open Water	46:03.5	0:08:49	2.501778783	1.057045148	No	148.1	4.647160439	8353.338427	-0.551464915	24.53041959	Night	189575.5909	128091.6155	1566.845337	211.7358563	0.001653003		134782	136559	134871	0.22um	7.6	87	"Lake Erie operations with the 3G-ESP attached to a LR-AUV, August/September 2018"	Samples were collected using a MBARI 3G-ESP attached to a LR-AUV. Extracted with Qiagen DNEasy Blood and Tissue kit. Amplified with NEXTFLEX 16S V4 Amplicon-Seq Kit 2.0 (customized to include Parada/Apprill modifications); full-length primers were: FWD:GACGCTCTTCCGATCTTATGGTAATTGTGTGYCAGCMGCCGCGGTAA; REV:TGTGCTCTTCCGATCTAGTCAGTCAGCCGGACTACNVGGGTWTCTAAT. Sequenced with Illumina MiSeq 2x300bp (600 cycles) v3 chemistry.	16S rRNA	V4	FWD:GTGYCAGCMGCCGCGGTAA; REV:GGACTACNVGGGTWTCTAAT	FWD:EMP-16S-515F-Parada; REV:EMP-16S-806R-Apprill	Illumina MiSeq 2x300bp (600 cycles) v3 chemistry	Illumina	MiSeq	2x300bp (600 cycles) v3 chemistry	University of Michigan Advanced Genomics Core	"September, 2019"
SC11.50	SC11	Lake Erie sample	Lake Erie sample	"paired with SC13, SC12"	13	SC11	Field 46	41.78626397	-83.15827913	40	245	Archive 5.0um/0.2um	9/1/18	Absent	9/2/18	No	WE4-WE13	Open Water	46:03.5	0:08:49	2.501778783	1.057045148	No	148.1	4.647160439	8353.338427	-0.551464915	24.53041959	Night	189575.5909	128091.6155	1566.845337	211.7358563	0.001653003		134781	136558	134870	5.0um	10.2	72	"Lake Erie operations with the 3G-ESP attached to a LR-AUV, August/September 2018"	Samples were collected using a MBARI 3G-ESP attached to a LR-AUV. Extracted with Qiagen DNEasy Blood and Tissue kit. Amplified with NEXTFLEX 16S V4 Amplicon-Seq Kit 2.0 (customized to include Parada/Apprill modifications); full-length primers were: FWD:GACGCTCTTCCGATCTTATGGTAATTGTGTGYCAGCMGCCGCGGTAA; REV:TGTGCTCTTCCGATCTAGTCAGTCAGCCGGACTACNVGGGTWTCTAAT. Sequenced with Illumina MiSeq 2x300bp (600 cycles) v3 chemistry.	16S rRNA	V4	FWD:GTGYCAGCMGCCGCGGTAA; REV:GGACTACNVGGGTWTCTAAT	FWD:EMP-16S-515F-Parada; REV:EMP-16S-806R-Apprill	Illumina MiSeq 2x300bp (600 cycles) v3 chemistry	Illumina	MiSeq	2x300bp (600 cycles) v3 chemistry	University of Michigan Advanced Genomics Core	"September, 2019"
SC12.22	SC12	Lake Erie sample	Lake Erie sample	"paired with SC13, SC11"	13	SC12	Field 45	41.78713724	-83.16258681	60	66	Archive 5.0um/0.2um	9/1/18	Absent	9/2/18	No	WE4-WE13	Open Water	09:59.1	0:10:03	2.514629634	1.286654275	No	162.2	4.625498681	8378.605953	-0.553863007	24.5394858	Night	121974.1984	75292.71505	416.6798716	51.44195945	0.000683226		134780	136557	134869	0.22um	2.6	88	"Lake Erie operations with the 3G-ESP attached to a LR-AUV, August/September 2018"	Samples were collected using a MBARI 3G-ESP attached to a LR-AUV. Extracted with Qiagen DNEasy Blood and Tissue kit. Amplified with NEXTFLEX 16S V4 Amplicon-Seq Kit 2.0 (customized to include Parada/Apprill modifications); full-length primers were: FWD:GACGCTCTTCCGATCTTATGGTAATTGTGTGYCAGCMGCCGCGGTAA; REV:TGTGCTCTTCCGATCTAGTCAGTCAGCCGGACTACNVGGGTWTCTAAT. Sequenced with Illumina MiSeq 2x300bp (600 cycles) v3 chemistry.	16S rRNA	V4	FWD:GTGYCAGCMGCCGCGGTAA; REV:GGACTACNVGGGTWTCTAAT	FWD:EMP-16S-515F-Parada; REV:EMP-16S-806R-Apprill	Illumina MiSeq 2x300bp (600 cycles) v3 chemistry	Illumina	MiSeq	2x300bp (600 cycles) v3 chemistry	University of Michigan Advanced Genomics Core	"September, 2019"
SC12.50	SC12	Lake Erie sample	Lake Erie sample	"paired with SC13, SC11"	13	SC12	Field 45	41.78713724	-83.16258681	60	66	Archive 5.0um/0.2um	9/1/18	Absent	9/2/18	No	WE4-WE13	Open Water	09:59.1	0:10:03	2.514629634	1.286654275	No	162.2	4.625498681	8378.605953	-0.553863007	24.5394858	Night	121974.1984	75292.71505	416.6798716	51.44195945	0.000683226		134779	136556	134868	5.0um	6.1	73	"Lake Erie operations with the 3G-ESP attached to a LR-AUV, August/September 2018"	Samples were collected using a MBARI 3G-ESP attached to a LR-AUV. Extracted with Qiagen DNEasy Blood and Tissue kit. Amplified with NEXTFLEX 16S V4 Amplicon-Seq Kit 2.0 (customized to include Parada/Apprill modifications); full-length primers were: FWD:GACGCTCTTCCGATCTTATGGTAATTGTGTGYCAGCMGCCGCGGTAA; REV:TGTGCTCTTCCGATCTAGTCAGTCAGCCGGACTACNVGGGTWTCTAAT. Sequenced with Illumina MiSeq 2x300bp (600 cycles) v3 chemistry.	16S rRNA	V4	FWD:GTGYCAGCMGCCGCGGTAA; REV:GGACTACNVGGGTWTCTAAT	FWD:EMP-16S-515F-Parada; REV:EMP-16S-806R-Apprill	Illumina MiSeq 2x300bp (600 cycles) v3 chemistry	Illumina	MiSeq	2x300bp (600 cycles) v3 chemistry	University of Michigan Advanced Genomics Core	"September, 2019"
SC13.22	SC13	Lake Erie sample	Lake Erie sample	"paired with SC12, SC11"	13	SC13	Field 44	41.78807732	-83.16744447	164	207	Archive 5.0um/0.2um	9/1/18	Absent	9/2/18	No	WE4-WE13	Open Water	33:24.0	0:09:31	2.497600136	1.328774337	No	164.1	4.569022	8406.575254	-0.560959669	24.54815058	Night	118097.5717	72010.71443	185.3841047	22.60781765	0.000313951		134778	136555	134867	0.22um	6.7	87	"Lake Erie operations with the 3G-ESP attached to a LR-AUV, August/September 2018"	Samples were collected using a MBARI 3G-ESP attached to a LR-AUV. Extracted with Qiagen DNEasy Blood and Tissue kit. Amplified with NEXTFLEX 16S V4 Amplicon-Seq Kit 2.0 (customized to include Parada/Apprill modifications); full-length primers were: FWD:GACGCTCTTCCGATCTTATGGTAATTGTGTGYCAGCMGCCGCGGTAA; REV:TGTGCTCTTCCGATCTAGTCAGTCAGCCGGACTACNVGGGTWTCTAAT. Sequenced with Illumina MiSeq 2x300bp (600 cycles) v3 chemistry.	16S rRNA	V4	FWD:GTGYCAGCMGCCGCGGTAA; REV:GGACTACNVGGGTWTCTAAT	FWD:EMP-16S-515F-Parada; REV:EMP-16S-806R-Apprill	Illumina MiSeq 2x300bp (600 cycles) v3 chemistry	Illumina	MiSeq	2x300bp (600 cycles) v3 chemistry	University of Michigan Advanced Genomics Core	"September, 2019"
SC13.50	SC13	Lake Erie sample	Lake Erie sample	"paired with SC12, SC11"	13	SC13	Field 44	41.78807732	-83.16744447	164	207	Archive 5.0um/0.2um	9/1/18	Absent	9/2/18	No	WE4-WE13	Open Water	33:24.0	0:09:31	2.497600136	1.328774337	No	164.1	4.569022	8406.575254	-0.560959669	24.54815058	Night	118097.5717	72010.71443	185.3841047	22.60781765	0.000313951		134777	136554	134866	5.0um	8.5	72	"Lake Erie operations with the 3G-ESP attached to a LR-AUV, August/September 2018"	Samples were collected using a MBARI 3G-ESP attached to a LR-AUV. Extracted with Qiagen DNEasy Blood and Tissue kit. Amplified with NEXTFLEX 16S V4 Amplicon-Seq Kit 2.0 (customized to include Parada/Apprill modifications); full-length primers were: FWD:GACGCTCTTCCGATCTTATGGTAATTGTGTGYCAGCMGCCGCGGTAA; REV:TGTGCTCTTCCGATCTAGTCAGTCAGCCGGACTACNVGGGTWTCTAAT. Sequenced with Illumina MiSeq 2x300bp (600 cycles) v3 chemistry.	16S rRNA	V4	FWD:GTGYCAGCMGCCGCGGTAA; REV:GGACTACNVGGGTWTCTAAT	FWD:EMP-16S-515F-Parada; REV:EMP-16S-806R-Apprill	Illumina MiSeq 2x300bp (600 cycles) v3 chemistry	Illumina	MiSeq	2x300bp (600 cycles) v3 chemistry	University of Michigan Advanced Genomics Core	"September, 2019"
SC14.22	SC14	Lake Erie sample	Lake Erie sample	"paired with SC16, SC15"	12	SC14	Field 41	41.84678692	-83.26270103	166	74	Archive 5.0um/0.2um	8/31/18	Low	8/31/18	Yes	WE4-WE8	Open Water	03:33.3	0:03:56	2.570290174	1.001197848	No	65.6	5.829588649	9172.57209	-0.360642466	24.72526078	Late	140673.9832	213142.3988	144.4074857	43.75984414	0.000205308		134776	136553	134865	0.22um	1.1	88	"Lake Erie operations with the 3G-ESP attached to a LR-AUV, August/September 2018"	Samples were collected using a MBARI 3G-ESP attached to a LR-AUV. Extracted with Qiagen DNEasy Blood and Tissue kit. Amplified with NEXTFLEX 16S V4 Amplicon-Seq Kit 2.0 (customized to include Parada/Apprill modifications); full-length primers were: FWD:GACGCTCTTCCGATCTTATGGTAATTGTGTGYCAGCMGCCGCGGTAA; REV:TGTGCTCTTCCGATCTAGTCAGTCAGCCGGACTACNVGGGTWTCTAAT. Sequenced with Illumina MiSeq 2x300bp (600 cycles) v3 chemistry.	16S rRNA	V4	FWD:GTGYCAGCMGCCGCGGTAA; REV:GGACTACNVGGGTWTCTAAT	FWD:EMP-16S-515F-Parada; REV:EMP-16S-806R-Apprill	Illumina MiSeq 2x300bp (600 cycles) v3 chemistry	Illumina	MiSeq	2x300bp (600 cycles) v3 chemistry	University of Michigan Advanced Genomics Core	"September, 2019"
SC14.50	SC14	Lake Erie sample	Lake Erie sample	"paired with SC16, SC15"	12	SC14	Field 41	41.84678692	-83.26270103	166	74	Archive 5.0um/0.2um	8/31/18	Low	8/31/18	Yes	WE4-WE8	Open Water	03:33.3	0:03:56	2.570290174	1.001197848	No	65.6	5.829588649	9172.57209	-0.360642466	24.72526078	Late	140673.9832	213142.3988	144.4074857	43.75984414	0.000205308		134775	136552	134864	5.0um	5.7	73	"Lake Erie operations with the 3G-ESP attached to a LR-AUV, August/September 2018"	Samples were collected using a MBARI 3G-ESP attached to a LR-AUV. Extracted with Qiagen DNEasy Blood and Tissue kit. Amplified with NEXTFLEX 16S V4 Amplicon-Seq Kit 2.0 (customized to include Parada/Apprill modifications); full-length primers were: FWD:GACGCTCTTCCGATCTTATGGTAATTGTGTGYCAGCMGCCGCGGTAA; REV:TGTGCTCTTCCGATCTAGTCAGTCAGCCGGACTACNVGGGTWTCTAAT. Sequenced with Illumina MiSeq 2x300bp (600 cycles) v3 chemistry.	16S rRNA	V4	FWD:GTGYCAGCMGCCGCGGTAA; REV:GGACTACNVGGGTWTCTAAT	FWD:EMP-16S-515F-Parada; REV:EMP-16S-806R-Apprill	Illumina MiSeq 2x300bp (600 cycles) v3 chemistry	Illumina	MiSeq	2x300bp (600 cycles) v3 chemistry	University of Michigan Advanced Genomics Core	"September, 2019"
SC15.22	SC15	Lake Erie sample	Lake Erie sample	"paired with SC16, SC14"	12	SC15	Field 40	41.8475939	-83.26677406	221	272	Archive 5.0um/0.2um	8/31/18	Low	8/31/18	Yes	WE4-WE8	Open Water	33:34.6	0:03:56	2.560236046	1.22233071	No	66.1	5.859300795	9240.386104	0.744149118	24.74880898	Late	117768.884	178437.7031	469.0292515	142.1300762	0.000796525		134774	136551	134863	0.22um	3.3	87	"Lake Erie operations with the 3G-ESP attached to a LR-AUV, August/September 2018"	Samples were collected using a MBARI 3G-ESP attached to a LR-AUV. Extracted with Qiagen DNEasy Blood and Tissue kit. Amplified with NEXTFLEX 16S V4 Amplicon-Seq Kit 2.0 (customized to include Parada/Apprill modifications); full-length primers were: FWD:GACGCTCTTCCGATCTTATGGTAATTGTGTGYCAGCMGCCGCGGTAA; REV:TGTGCTCTTCCGATCTAGTCAGTCAGCCGGACTACNVGGGTWTCTAAT. Sequenced with Illumina MiSeq 2x300bp (600 cycles) v3 chemistry.	16S rRNA	V4	FWD:GTGYCAGCMGCCGCGGTAA; REV:GGACTACNVGGGTWTCTAAT	FWD:EMP-16S-515F-Parada; REV:EMP-16S-806R-Apprill	Illumina MiSeq 2x300bp (600 cycles) v3 chemistry	Illumina	MiSeq	2x300bp (600 cycles) v3 chemistry	University of Michigan Advanced Genomics Core	"September, 2019"
SC15.50	SC15	Lake Erie sample	Lake Erie sample	"paired with SC16, SC14"	12	SC15	Field 40	41.8475939	-83.26677406	221	272	Archive 5.0um/0.2um	8/31/18	Low	8/31/18	Yes	WE4-WE8	Open Water	33:34.6	0:03:56	2.560236046	1.22233071	No	66.1	5.859300795	9240.386104	0.744149118	24.74880898	Late	117768.884	178437.7031	469.0292515	142.1300762	0.000796525		134773	136550	134862	5.0um	7.2	72	"Lake Erie operations with the 3G-ESP attached to a LR-AUV, August/September 2018"	Samples were collected using a MBARI 3G-ESP attached to a LR-AUV. Extracted with Qiagen DNEasy Blood and Tissue kit. Amplified with NEXTFLEX 16S V4 Amplicon-Seq Kit 2.0 (customized to include Parada/Apprill modifications); full-length primers were: FWD:GACGCTCTTCCGATCTTATGGTAATTGTGTGYCAGCMGCCGCGGTAA; REV:TGTGCTCTTCCGATCTAGTCAGTCAGCCGGACTACNVGGGTWTCTAAT. Sequenced with Illumina MiSeq 2x300bp (600 cycles) v3 chemistry.	16S rRNA	V4	FWD:GTGYCAGCMGCCGCGGTAA; REV:GGACTACNVGGGTWTCTAAT	FWD:EMP-16S-515F-Parada; REV:EMP-16S-806R-Apprill	Illumina MiSeq 2x300bp (600 cycles) v3 chemistry	Illumina	MiSeq	2x300bp (600 cycles) v3 chemistry	University of Michigan Advanced Genomics Core	"September, 2019"
SC16.22	SC16	Lake Erie sample	Lake Erie sample	"paired with SC15, SC14"	12	SC16	Field 39	41.84619414	-83.26799244	55	60	Archive 5.0um/0.2um	8/31/18	Low	8/31/18	Yes	WE4-WE8	Open Water	05:32.1	0:04:27	2.50406133	1.193122675	No	76.1	5.9146256	9336.372874	8.60535257	24.79533105	Late	148358.9371	195209.1277	555.738967	146.2470966	0.000749182		134772	136549	134861	0.22um	1.7	88	"Lake Erie operations with the 3G-ESP attached to a LR-AUV, August/September 2018"	Samples were collected using a MBARI 3G-ESP attached to a LR-AUV. Extracted with Qiagen DNEasy Blood and Tissue kit. Amplified with NEXTFLEX 16S V4 Amplicon-Seq Kit 2.0 (customized to include Parada/Apprill modifications); full-length primers were: FWD:GACGCTCTTCCGATCTTATGGTAATTGTGTGYCAGCMGCCGCGGTAA; REV:TGTGCTCTTCCGATCTAGTCAGTCAGCCGGACTACNVGGGTWTCTAAT. Sequenced with Illumina MiSeq 2x300bp (600 cycles) v3 chemistry.	16S rRNA	V4	FWD:GTGYCAGCMGCCGCGGTAA; REV:GGACTACNVGGGTWTCTAAT	FWD:EMP-16S-515F-Parada; REV:EMP-16S-806R-Apprill	Illumina MiSeq 2x300bp (600 cycles) v3 chemistry	Illumina	MiSeq	2x300bp (600 cycles) v3 chemistry	University of Michigan Advanced Genomics Core	"September, 2019"
SC16.50	SC16	Lake Erie sample	Lake Erie sample	"paired with SC15, SC14"	12	SC16	Field 39	41.84619414	-83.26799244	55	60	Archive 5.0um/0.2um	8/31/18	Low	8/31/18	Yes	WE4-WE8	Open Water	05:32.1	0:04:27	2.50406133	1.193122675	No	76.1	5.9146256	9336.372874	8.60535257	24.79533105	Late	148358.9371	195209.1277	555.738967	146.2470966	0.000749182		134771	136548	134860	5.0um	6.3	73	"Lake Erie operations with the 3G-ESP attached to a LR-AUV, August/September 2018"	Samples were collected using a MBARI 3G-ESP attached to a LR-AUV. Extracted with Qiagen DNEasy Blood and Tissue kit. Amplified with NEXTFLEX 16S V4 Amplicon-Seq Kit 2.0 (customized to include Parada/Apprill modifications); full-length primers were: FWD:GACGCTCTTCCGATCTTATGGTAATTGTGTGYCAGCMGCCGCGGTAA; REV:TGTGCTCTTCCGATCTAGTCAGTCAGCCGGACTACNVGGGTWTCTAAT. Sequenced with Illumina MiSeq 2x300bp (600 cycles) v3 chemistry.	16S rRNA	V4	FWD:GTGYCAGCMGCCGCGGTAA; REV:GGACTACNVGGGTWTCTAAT	FWD:EMP-16S-515F-Parada; REV:EMP-16S-806R-Apprill	Illumina MiSeq 2x300bp (600 cycles) v3 chemistry	Illumina	MiSeq	2x300bp (600 cycles) v3 chemistry	University of Michigan Advanced Genomics Core	"September, 2019"
SC18.22	SC18	Lake Erie sample	Lake Erie sample	"paired with SC21, SC20, SC19"	11	SC18	Field 37	41.84659397	-83.24304529	59	231	Archive 5.0um/0.2um	8/31/18	Low	8/31/18	Yes	WE4-WNW	Open Water	44:35.1	0:04:00	2.552278224	1.119021979	No	66.5	5.91673253	7583.971048	-0.539347786	24.74062538	Early	38101.59293	56868.04915	137.7749715	41.12685715	0.000723198		134768	136545	134857	0.22um	1.8	88	"Lake Erie operations with the 3G-ESP attached to a LR-AUV, August/September 2018"	Samples were collected using a MBARI 3G-ESP attached to a LR-AUV. Extracted with Qiagen DNEasy Blood and Tissue kit. Amplified with NEXTFLEX 16S V4 Amplicon-Seq Kit 2.0 (customized to include Parada/Apprill modifications); full-length primers were: FWD:GACGCTCTTCCGATCTTATGGTAATTGTGTGYCAGCMGCCGCGGTAA; REV:TGTGCTCTTCCGATCTAGTCAGTCAGCCGGACTACNVGGGTWTCTAAT. Sequenced with Illumina MiSeq 2x300bp (600 cycles) v3 chemistry.	16S rRNA	V4	FWD:GTGYCAGCMGCCGCGGTAA; REV:GGACTACNVGGGTWTCTAAT	FWD:EMP-16S-515F-Parada; REV:EMP-16S-806R-Apprill	Illumina MiSeq 2x300bp (600 cycles) v3 chemistry	Illumina	MiSeq	2x300bp (600 cycles) v3 chemistry	University of Michigan Advanced Genomics Core	"September, 2019"
SC18.50	SC18	Lake Erie sample	Lake Erie sample	"paired with SC21, SC20, SC19"	11	SC18	Field 37	41.84659397	-83.24304529	59	231	Archive 5.0um/0.2um	8/31/18	Low	8/31/18	Yes	WE4-WNW	Open Water	44:35.1	0:04:00	2.552278224	1.119021979	No	66.5	5.91673253	7583.971048	-0.539347786	24.74062538	Early	38101.59293	56868.04915	137.7749715	41.12685715	0.000723198		134767	136544	134856	5.0um	4.3	73	"Lake Erie operations with the 3G-ESP attached to a LR-AUV, August/September 2018"	Samples were collected using a MBARI 3G-ESP attached to a LR-AUV. Extracted with Qiagen DNEasy Blood and Tissue kit. Amplified with NEXTFLEX 16S V4 Amplicon-Seq Kit 2.0 (customized to include Parada/Apprill modifications); full-length primers were: FWD:GACGCTCTTCCGATCTTATGGTAATTGTGTGYCAGCMGCCGCGGTAA; REV:TGTGCTCTTCCGATCTAGTCAGTCAGCCGGACTACNVGGGTWTCTAAT. Sequenced with Illumina MiSeq 2x300bp (600 cycles) v3 chemistry.	16S rRNA	V4	FWD:GTGYCAGCMGCCGCGGTAA; REV:GGACTACNVGGGTWTCTAAT	FWD:EMP-16S-515F-Parada; REV:EMP-16S-806R-Apprill	Illumina MiSeq 2x300bp (600 cycles) v3 chemistry	Illumina	MiSeq	2x300bp (600 cycles) v3 chemistry	University of Michigan Advanced Genomics Core	"September, 2019"
SC19.22	SC19	Lake Erie sample	Lake Erie sample	"paired with SC21, SC20, SC18"	11	SC19	Field 36	41.84659871	-83.24305555	32	224	Archive 5.0um/0.2um	8/31/18	Low	8/31/18	Yes	WE4-WNW	Open Water	35:31.2	0:25:51	2.485460958	1.264724464	No	413.4	2.07550026	7654.019671	-0.552763915	24.27833718	Night	478215.4093	115790.656	780.3258119	37.78817491	0.000326349		134766	136543	134855	0.22um	11.4	87	"Lake Erie operations with the 3G-ESP attached to a LR-AUV, August/September 2018"	Samples were collected using a MBARI 3G-ESP attached to a LR-AUV. Extracted with Qiagen DNEasy Blood and Tissue kit. Amplified with NEXTFLEX 16S V4 Amplicon-Seq Kit 2.0 (customized to include Parada/Apprill modifications); full-length primers were: FWD:GACGCTCTTCCGATCTTATGGTAATTGTGTGYCAGCMGCCGCGGTAA; REV:TGTGCTCTTCCGATCTAGTCAGTCAGCCGGACTACNVGGGTWTCTAAT. Sequenced with Illumina MiSeq 2x300bp (600 cycles) v3 chemistry.	16S rRNA	V4	FWD:GTGYCAGCMGCCGCGGTAA; REV:GGACTACNVGGGTWTCTAAT	FWD:EMP-16S-515F-Parada; REV:EMP-16S-806R-Apprill	Illumina MiSeq 2x300bp (600 cycles) v3 chemistry	Illumina	MiSeq	2x300bp (600 cycles) v3 chemistry	University of Michigan Advanced Genomics Core	"September, 2019"
SC19.50	SC19	Lake Erie sample	Lake Erie sample	"paired with SC21, SC20, SC18"	11	SC19	Field 36	41.84659871	-83.24305555	32	224	Archive 5.0um/0.2um	8/31/18	Low	8/31/18	Yes	WE4-WNW	Open Water	35:31.2	0:25:51	2.485460958	1.264724464	No	413.4	2.07550026	7654.019671	-0.552763915	24.27833718	Night	478215.4093	115790.656	780.3258119	37.78817491	0.000326349		134765	136542	134854	5.0um	18.3	72	"Lake Erie operations with the 3G-ESP attached to a LR-AUV, August/September 2018"	Samples were collected using a MBARI 3G-ESP attached to a LR-AUV. Extracted with Qiagen DNEasy Blood and Tissue kit. Amplified with NEXTFLEX 16S V4 Amplicon-Seq Kit 2.0 (customized to include Parada/Apprill modifications); full-length primers were: FWD:GACGCTCTTCCGATCTTATGGTAATTGTGTGYCAGCMGCCGCGGTAA; REV:TGTGCTCTTCCGATCTAGTCAGTCAGCCGGACTACNVGGGTWTCTAAT. Sequenced with Illumina MiSeq 2x300bp (600 cycles) v3 chemistry.	16S rRNA	V4	FWD:GTGYCAGCMGCCGCGGTAA; REV:GGACTACNVGGGTWTCTAAT	FWD:EMP-16S-515F-Parada; REV:EMP-16S-806R-Apprill	Illumina MiSeq 2x300bp (600 cycles) v3 chemistry	Illumina	MiSeq	2x300bp (600 cycles) v3 chemistry	University of Michigan Advanced Genomics Core	"September, 2019"
SC21.22	SC21	Lake Erie sample	Lake Erie sample	"paired with SC20, SC19, SC18"	11	SC21	Field 34	41.84657592	-83.24300623	37	238	Archive 5.0um/0.2um	8/31/18	Low	8/31/18	Yes	WE4-WNW	Open Water	52:00.2	0:29:30	2.551830197	1.496943959	No	472.8	2.042735502	7744.776809	-0.556680407	24.37610392	Night	338744.7728	71616.23104	140.3616077	5.934951701	8.29E-05		134764	136541	134853	0.22um	8.4	88	"Lake Erie operations with the 3G-ESP attached to a LR-AUV, August/September 2018"	Samples were collected using a MBARI 3G-ESP attached to a LR-AUV. Extracted with Qiagen DNEasy Blood and Tissue kit. Amplified with NEXTFLEX 16S V4 Amplicon-Seq Kit 2.0 (customized to include Parada/Apprill modifications); full-length primers were: FWD:GACGCTCTTCCGATCTTATGGTAATTGTGTGYCAGCMGCCGCGGTAA; REV:TGTGCTCTTCCGATCTAGTCAGTCAGCCGGACTACNVGGGTWTCTAAT. Sequenced with Illumina MiSeq 2x300bp (600 cycles) v3 chemistry.	16S rRNA	V4	FWD:GTGYCAGCMGCCGCGGTAA; REV:GGACTACNVGGGTWTCTAAT	FWD:EMP-16S-515F-Parada; REV:EMP-16S-806R-Apprill	Illumina MiSeq 2x300bp (600 cycles) v3 chemistry	Illumina	MiSeq	2x300bp (600 cycles) v3 chemistry	University of Michigan Advanced Genomics Core	"September, 2019"
SC21.50	SC21	Lake Erie sample	Lake Erie sample	"paired with SC20, SC19, SC18"	11	SC21	Field 34	41.84657592	-83.24300623	37	238	Archive 5.0um/0.2um	8/31/18	Low	8/31/18	Yes	WE4-WNW	Open Water	52:00.2	0:29:30	2.551830197	1.496943959	No	472.8	2.042735502	7744.776809	-0.556680407	24.37610392	Night	338744.7728	71616.23104	140.3616077	5.934951701	8.29E-05		134763	136540	134852	5.0um	11.8	72	"Lake Erie operations with the 3G-ESP attached to a LR-AUV, August/September 2018"	Samples were collected using a MBARI 3G-ESP attached to a LR-AUV. Extracted with Qiagen DNEasy Blood and Tissue kit. Amplified with NEXTFLEX 16S V4 Amplicon-Seq Kit 2.0 (customized to include Parada/Apprill modifications); full-length primers were: FWD:GACGCTCTTCCGATCTTATGGTAATTGTGTGYCAGCMGCCGCGGTAA; REV:TGTGCTCTTCCGATCTAGTCAGTCAGCCGGACTACNVGGGTWTCTAAT. Sequenced with Illumina MiSeq 2x300bp (600 cycles) v3 chemistry.	16S rRNA	V4	FWD:GTGYCAGCMGCCGCGGTAA; REV:GGACTACNVGGGTWTCTAAT	FWD:EMP-16S-515F-Parada; REV:EMP-16S-806R-Apprill	Illumina MiSeq 2x300bp (600 cycles) v3 chemistry	Illumina	MiSeq	2x300bp (600 cycles) v3 chemistry	University of Michigan Advanced Genomics Core	"September, 2019"
SC51.22	SC51	Lake Erie sample	Lake Erie sample	"paired with SC53, SC52"	2	SC51	Field 6	41.91227234	-83.20170665	153	91	Archive 5.0um/0.2um	8/24/18	Absent	8/24/18	Yes	Stony Point	Western Boundary	36:46.4	0:17:06	3.093839453	1.108462204	No	275	1.665220184	7717.621686	53.25779357	24.07896227	Core	470826.8211	171209.7531	3004.360061	218.4989135	0.001276206	sample taken in between stations 4 and 12	134723	136496	134816	0.22um	11.9	87	"Lake Erie operations with the 3G-ESP attached to a LR-AUV, August/September 2018"	Samples were collected using a MBARI 3G-ESP attached to a LR-AUV. Extracted with Qiagen DNEasy Blood and Tissue kit. Amplified with NEXTFLEX 16S V4 Amplicon-Seq Kit 2.0 (customized to include Parada/Apprill modifications); full-length primers were: FWD:GACGCTCTTCCGATCTTATGGTAATTGTGTGYCAGCMGCCGCGGTAA; REV:TGTGCTCTTCCGATCTAGTCAGTCAGCCGGACTACNVGGGTWTCTAAT. Sequenced with Illumina MiSeq 2x300bp (600 cycles) v3 chemistry.	16S rRNA	V4	FWD:GTGYCAGCMGCCGCGGTAA; REV:GGACTACNVGGGTWTCTAAT	FWD:EMP-16S-515F-Parada; REV:EMP-16S-806R-Apprill	Illumina MiSeq 2x300bp (600 cycles) v3 chemistry	Illumina	MiSeq	2x300bp (600 cycles) v3 chemistry	University of Michigan Advanced Genomics Core	"September, 2019"
SC51.50	SC51	Lake Erie sample	Lake Erie sample	"paired with SC53, SC52"	2	SC51	Field 6	41.91227234	-83.20170665	153	91	Archive 5.0um/0.2um	8/24/18	Absent	8/24/18	Yes	Stony Point	Western Boundary	36:46.4	0:17:06	3.093839453	1.108462204	No	275	1.665220184	7717.621686	53.25779357	24.07896227	Core	470826.8211	171209.7531	3004.360061	218.4989135	0.001276206	sample taken in between stations 4 and 12	134722	136495	134815	5.0um	17.9	52	"Lake Erie operations with the 3G-ESP attached to a LR-AUV, August/September 2018"	Samples were collected using a MBARI 3G-ESP attached to a LR-AUV. Extracted with Qiagen DNEasy Blood and Tissue kit. Amplified with NEXTFLEX 16S V4 Amplicon-Seq Kit 2.0 (customized to include Parada/Apprill modifications); full-length primers were: FWD:GACGCTCTTCCGATCTTATGGTAATTGTGTGYCAGCMGCCGCGGTAA; REV:TGTGCTCTTCCGATCTAGTCAGTCAGCCGGACTACNVGGGTWTCTAAT. Sequenced with Illumina MiSeq 2x300bp (600 cycles) v3 chemistry.	16S rRNA	V4	FWD:GTGYCAGCMGCCGCGGTAA; REV:GGACTACNVGGGTWTCTAAT	FWD:EMP-16S-515F-Parada; REV:EMP-16S-806R-Apprill	Illumina MiSeq 2x300bp (600 cycles) v3 chemistry	Illumina	MiSeq	2x300bp (600 cycles) v3 chemistry	University of Michigan Advanced Genomics Core	"September, 2019"
SC53.22	SC53	Lake Erie sample	Lake Erie sample	"paired with SC52, SC51"	2	SC53	Field 4	41.91228364	-83.20098801	194	64	Archive 5.0um/0.2um	8/24/18	Absent	8/24/18	Yes	Stony Point	Western Boundary	17:45.4	0:16:38	3.01728933	1.095705061	No	265	1.679126971	7733.557516	-0.511412665	24.1363083	Early	272780.9113	102936.1929	610.5218259	46.07711893	0.000447628	"boat sample: 4:20:00 PM, 8/23/2018; 41 50.934 / 83 11.592"	134721	136494	134814	0.22um	9.9	88	"Lake Erie operations with the 3G-ESP attached to a LR-AUV, August/September 2018"	Samples were collected using a MBARI 3G-ESP attached to a LR-AUV. Extracted with Qiagen DNEasy Blood and Tissue kit. Amplified with NEXTFLEX 16S V4 Amplicon-Seq Kit 2.0 (customized to include Parada/Apprill modifications); full-length primers were: FWD:GACGCTCTTCCGATCTTATGGTAATTGTGTGYCAGCMGCCGCGGTAA; REV:TGTGCTCTTCCGATCTAGTCAGTCAGCCGGACTACNVGGGTWTCTAAT. Sequenced with Illumina MiSeq 2x300bp (600 cycles) v3 chemistry.	16S rRNA	V4	FWD:GTGYCAGCMGCCGCGGTAA; REV:GGACTACNVGGGTWTCTAAT	FWD:EMP-16S-515F-Parada; REV:EMP-16S-806R-Apprill	Illumina MiSeq 2x300bp (600 cycles) v3 chemistry	Illumina	MiSeq	2x300bp (600 cycles) v3 chemistry	University of Michigan Advanced Genomics Core	"September, 2019"
SC53.50	SC53	Lake Erie sample	Lake Erie sample	"paired with SC52, SC51"	2	SC53	Field 4	41.91228364	-83.20098801	194	64	Archive 5.0um/0.2um	8/24/18	Absent	8/24/18	Yes	Stony Point	Western Boundary	17:45.4	0:16:38	3.01728933	1.095705061	No	265	1.679126971	7733.557516	-0.511412665	24.1363083	Early	272780.9113	102936.1929	610.5218259	46.07711893	0.000447628	"boat sample: 4:20:00 PM, 8/23/2018; 41 50.934 / 83 11.592"	134720	136493	134813	5.0um	7.9	73	"Lake Erie operations with the 3G-ESP attached to a LR-AUV, August/September 2018"	Samples were collected using a MBARI 3G-ESP attached to a LR-AUV. Extracted with Qiagen DNEasy Blood and Tissue kit. Amplified with NEXTFLEX 16S V4 Amplicon-Seq Kit 2.0 (customized to include Parada/Apprill modifications); full-length primers were: FWD:GACGCTCTTCCGATCTTATGGTAATTGTGTGYCAGCMGCCGCGGTAA; REV:TGTGCTCTTCCGATCTAGTCAGTCAGCCGGACTACNVGGGTWTCTAAT. Sequenced with Illumina MiSeq 2x300bp (600 cycles) v3 chemistry.	16S rRNA	V4	FWD:GTGYCAGCMGCCGCGGTAA; REV:GGACTACNVGGGTWTCTAAT	FWD:EMP-16S-515F-Parada; REV:EMP-16S-806R-Apprill	Illumina MiSeq 2x300bp (600 cycles) v3 chemistry	Illumina	MiSeq	2x300bp (600 cycles) v3 chemistry	University of Michigan Advanced Genomics Core	"September, 2019"
SC54.22	SC54	Lake Erie sample	Lake Erie sample	"paired with SC56, SC55"	1	SC54	Field 3	41.91078707	-83.21033079	195		Archive 5.0um/0.2um	8/23/18	Absent	8/23/18	Yes	Stony Point	Western Boundary	52:54.3	0:45:15	4.031867158	8.318490539	Yes	689	3.684008311	8174.737947	-0.553731189	24.06836625	Night	846679.6228	122885.2863	4578.746665	132.9099177	0.001081577	3G arrived at 2am.  Sample for Eliza about 12 earlier	134719		134812	0.22um	25.5	87	"Lake Erie operations with the 3G-ESP attached to a LR-AUV, August/September 2018"	Samples were collected using a MBARI 3G-ESP attached to a LR-AUV. Extracted with Qiagen DNEasy Blood and Tissue kit. Amplified with NEXTFLEX 16S V4 Amplicon-Seq Kit 2.0 (customized to include Parada/Apprill modifications); full-length primers were: FWD:GACGCTCTTCCGATCTTATGGTAATTGTGTGYCAGCMGCCGCGGTAA; REV:TGTGCTCTTCCGATCTAGTCAGTCAGCCGGACTACNVGGGTWTCTAAT. Sequenced with Illumina MiSeq 2x300bp (600 cycles) v3 chemistry.	16S rRNA	V4	FWD:GTGYCAGCMGCCGCGGTAA; REV:GGACTACNVGGGTWTCTAAT	FWD:EMP-16S-515F-Parada; REV:EMP-16S-806R-Apprill	Illumina MiSeq 2x300bp (600 cycles) v3 chemistry	Illumina	MiSeq	2x300bp (600 cycles) v3 chemistry	University of Michigan Advanced Genomics Core	"September, 2019"
SC54.50	SC54	Lake Erie sample	Lake Erie sample	"paired with SC56, SC55"	1	SC54	Field 3	41.91078707	-83.21033079	195		Archive 5.0um/0.2um	8/23/18	Absent	8/23/18	Yes	Stony Point	Western Boundary	52:54.3	0:45:15	4.031867158	8.318490539	Yes	689	3.684008311	8174.737947	-0.553731189	24.06836625	Night	846679.6228	122885.2863	4578.746665	132.9099177	0.001081577	3G arrived at 2am.  Sample for Eliza about 12 earlier	134718	136491	134811	5.0um	31.6	52	"Lake Erie operations with the 3G-ESP attached to a LR-AUV, August/September 2018"	Samples were collected using a MBARI 3G-ESP attached to a LR-AUV. Extracted with Qiagen DNEasy Blood and Tissue kit. Amplified with NEXTFLEX 16S V4 Amplicon-Seq Kit 2.0 (customized to include Parada/Apprill modifications); full-length primers were: FWD:GACGCTCTTCCGATCTTATGGTAATTGTGTGYCAGCMGCCGCGGTAA; REV:TGTGCTCTTCCGATCTAGTCAGTCAGCCGGACTACNVGGGTWTCTAAT. Sequenced with Illumina MiSeq 2x300bp (600 cycles) v3 chemistry.	16S rRNA	V4	FWD:GTGYCAGCMGCCGCGGTAA; REV:GGACTACNVGGGTWTCTAAT	FWD:EMP-16S-515F-Parada; REV:EMP-16S-806R-Apprill	Illumina MiSeq 2x300bp (600 cycles) v3 chemistry	Illumina	MiSeq	2x300bp (600 cycles) v3 chemistry	University of Michigan Advanced Genomics Core	"September, 2019"
SC56.22	SC56	Lake Erie sample	Lake Erie sample	"paired with SC55, SC54"	1	SC56	Field 1	41.90529447	-83.22446088	52		Archive 5.0um/0.2um	8/23/18	Absent	8/23/18	Yes	Stony Point	Western Boundary	38:24.2	0:47:53	3.937455289	8.126547906	Yes	738	2.238660543	8052.160993	390.4117342	24.30531549	Late	1104611.367	149676.337	38888.29504	1053.883334	0.007041082	"boat sample: 3:34:00 PM, 8/23/2018"	134717	136490	134810	0.22um	21.9	88	"Lake Erie operations with the 3G-ESP attached to a LR-AUV, August/September 2018"	Samples were collected using a MBARI 3G-ESP attached to a LR-AUV. Extracted with Qiagen DNEasy Blood and Tissue kit. Amplified with NEXTFLEX 16S V4 Amplicon-Seq Kit 2.0 (customized to include Parada/Apprill modifications); full-length primers were: FWD:GACGCTCTTCCGATCTTATGGTAATTGTGTGYCAGCMGCCGCGGTAA; REV:TGTGCTCTTCCGATCTAGTCAGTCAGCCGGACTACNVGGGTWTCTAAT. Sequenced with Illumina MiSeq 2x300bp (600 cycles) v3 chemistry.	16S rRNA	V4	FWD:GTGYCAGCMGCCGCGGTAA; REV:GGACTACNVGGGTWTCTAAT	FWD:EMP-16S-515F-Parada; REV:EMP-16S-806R-Apprill	Illumina MiSeq 2x300bp (600 cycles) v3 chemistry	Illumina	MiSeq	2x300bp (600 cycles) v3 chemistry	University of Michigan Advanced Genomics Core	"September, 2019"
SC56.50	SC56	Lake Erie sample	Lake Erie sample	"paired with SC55, SC54"	1	SC56	Field 1	41.90529447	-83.22446088	52		Archive 5.0um/0.2um	8/23/18	Absent	8/23/18	Yes	Stony Point	Western Boundary	38:24.2	0:47:53	3.937455289	8.126547906	Yes	738	2.238660543	8052.160993	390.4117342	24.30531549	Late	1104611.367	149676.337	38888.29504	1053.883334	0.007041082	"boat sample: 3:34:00 PM, 8/23/2018"	134716	136489	134809	5.0um	29.2	73	"Lake Erie operations with the 3G-ESP attached to a LR-AUV, August/September 2018"	Samples were collected using a MBARI 3G-ESP attached to a LR-AUV. Extracted with Qiagen DNEasy Blood and Tissue kit. Amplified with NEXTFLEX 16S V4 Amplicon-Seq Kit 2.0 (customized to include Parada/Apprill modifications); full-length primers were: FWD:GACGCTCTTCCGATCTTATGGTAATTGTGTGYCAGCMGCCGCGGTAA; REV:TGTGCTCTTCCGATCTAGTCAGTCAGCCGGACTACNVGGGTWTCTAAT. Sequenced with Illumina MiSeq 2x300bp (600 cycles) v3 chemistry.	16S rRNA	V4	FWD:GTGYCAGCMGCCGCGGTAA; REV:GGACTACNVGGGTWTCTAAT	FWD:EMP-16S-515F-Parada; REV:EMP-16S-806R-Apprill	Illumina MiSeq 2x300bp (600 cycles) v3 chemistry	Illumina	MiSeq	2x300bp (600 cycles) v3 chemistry	University of Michigan Advanced Genomics Core	"September, 2019"
